invoice_id,company_id,customer_id,customer_name,amount,issue_date,due_date,status,predicted_pay_date,predicted_pay_prob,predicted_delay_days
11ef9e9c-8b65-481c-bdab-701804c10d68,abc-precision-001,a8ecae82-19b2-4b7f-9696-c2a686a7aed3,Tailor-Sagar,275000.0,2026-06-11,2026-07-11,paid,2026-07-14,0.99,3
f933b059-a410-4e42-a6eb-b67bb3fb88cc,abc-precision-001,b2aff970-68ba-4c93-9100-0f178cb93135,"Bajwa, Pillai and Seshadri",331000.0,2026-06-05,2026-08-03,paid,2026-08-03,0.95,0
79af849e-8890-40b3-92c5-c1519cc245c3,abc-precision-001,b3340f4f-4539-4d6c-afb3-f1182a32033e,Choudhry Ltd,479000.0,2026-06-05,2026-07-24,paid,2026-07-29,0.76,5
3bd96b2a-23b2-443f-bd2b-4659261bf9b9,abc-precision-001,2a997bda-faf4-4be4-b8c9-563c72e6d34e,Mane-Sankar,59000.0,2026-08-08,2026-09-26,open,2026-10-03,0.82,7
1533d8e4-d994-4720-9eb0-4bdb84287d92,abc-precision-001,eb9f8f7c-e7dc-465e-9a0f-c26876eb6111,Master PLC,305000.0,2026-04-18,2026-06-13,paid,2026-06-15,0.97,2
d8b7cc56-39e0-4329-abc0-948a4884f976,abc-precision-001,b7765f23-0844-4b57-8000-2c03b95caf8e,Khalsa-Yohannan,81000.0,2026-07-29,2026-09-20,open,2026-09-20,0.88,0
a23fec26-f85f-478d-9196-c357abfb1d45,abc-precision-001,a5bb3d74-ed6d-4acd-a490-9988435833c7,Ramakrishnan and Sons,124000.0,2026-06-01,2026-07-25,paid,2026-08-10,0.39,16
4ce7ee5f-3d56-47db-bd95-3d30d27857af,abc-precision-001,2a997bda-faf4-4be4-b8c9-563c72e6d34e,Mane-Sankar,145000.0,2026-04-19,2026-06-07,paid,2026-06-14,0.8,7
faf110a6-b65a-405b-9613-9a20d4e28d6b,abc-precision-001,e84a3021-02b8-49be-ab15-fce0f8d88c3b,"Sunder, Sani and Sarraf",352000.0,2026-05-04,2026-06-26,paid,2026-06-30,0.79,4
93b63712-c6a2-4e76-bf28-0d5a4c44163f,abc-precision-001,eb9f8f7c-e7dc-465e-9a0f-c26876eb6111,Master PLC,104000.0,2026-06-13,2026-08-10,paid,2026-08-10,0.92,0
3f4d8bee-dbef-4718-92d1-a59b92cce145,abc-precision-001,f53eac9a-255c-4399-8111-29f42cbc39d3,"Rau, Acharya and Grover",53000.0,2026-07-31,2026-09-09,open,2026-09-11,0.88,2
4d479cc1-b265-42ac-8403-4489915c1cf5,abc-precision-001,6053dd0e-5cf3-44ac-bbd5-5279a2f4cf22,Khanna-Majumdar,457000.0,2026-05-20,2026-06-20,paid,2026-07-02,0.52,12
4b8f54c0-3b41-44e3-a37e-e468beca4938,abc-precision-001,42018d84-9638-40c7-9df0-ee549131ecea,"Nagi, Dugar and Chaudhary",110000.0,2026-07-30,2026-09-14,open,2026-09-15,0.97,1
46b8efd0-5f01-46ca-8a9b-ea8aba68cecf,abc-precision-001,fc9c03a7-3a00-492c-8324-bd31944799de,"Tripathi, Chand and Kamdar",263000.0,2026-05-27,2026-07-11,paid,2026-07-19,0.78,8
dc4f0a93-d19f-42e3-8ab1-2db9a9623c50,abc-precision-001,8367f0ee-e9a4-4ca3-9f3a-d37d5d13259b,Patla and Sons,260000.0,2026-07-15,2026-08-17,open,2026-08-24,0.72,7
9c053cca-f181-497e-ab41-dd637872476c,abc-precision-001,bfcf77cf-15c9-48fa-9672-d5981124202b,Bhandari-Peri,341000.0,2026-08-02,2026-09-22,open,2026-10-06,0.47,14
6fee4c7c-5a23-4bfe-9a9c-9624b49b95e2,abc-precision-001,9c673347-0b6b-482d-a761-a94bd059a583,"Sankaran, Vig and Thakur",136000.0,2026-06-18,2026-08-10,paid,2026-08-10,0.99,0
e057a6fd-aa2a-405d-9208-b9b6f96dd9e6,abc-precision-001,02bf0564-3e29-4c02-8a01-d3832c8cc5a2,"Srivastava, Karan and Nanda",258000.0,2026-07-22,2026-09-03,open,2026-09-11,0.82,8
b40e431a-c9b2-42db-b346-45da0205537a,abc-precision-001,f41e822f-bb4e-4466-8472-f385407476cb,Kakar-Setty,500000.0,2026-06-13,2026-08-07,paid,2026-08-08,0.99,1
5b606156-de15-403c-807e-51aeb55a5ce4,abc-precision-001,175f29a7-7e0e-4cf6-9e4a-2f69fc34457e,"Bawa, Goel and Goda",156000.0,2026-07-28,2026-09-25,open,2026-09-25,0.82,0
14aec58e-5fdd-4229-a8bf-62ba13836e4b,abc-precision-001,8367f0ee-e9a4-4ca3-9f3a-d37d5d13259b,Patla and Sons,221000.0,2026-06-07,2026-07-22,paid,2026-07-28,0.79,6
41b7d320-b3af-4a0a-9e5c-80beae8580f5,abc-precision-001,66915358-3f5e-43aa-bbda-827c0ab288c4,"Kaur, Thaker and Narang",255000.0,2026-07-06,2026-09-03,open,2026-09-05,0.82,2
9f388130-9316-4b3a-a666-d1ea02971f6f,abc-precision-001,e60fceed-7383-4b74-ba7b-b1cbac77cf78,"Arora, Borde and Buch",269000.0,2026-05-11,2026-07-10,paid,2026-07-15,0.67,5
918c2db5-7bb6-4a25-93b1-cca92b897c39,abc-precision-001,9a1a27ae-a182-458d-862a-fb98aacd9765,Bala and Sons,311000.0,2026-07-02,2026-08-07,paid,2026-08-07,0.8,0
210798ef-cdfe-473c-af82-034cc13e6577,abc-precision-001,e84a3021-02b8-49be-ab15-fce0f8d88c3b,"Sunder, Sani and Sarraf",464000.0,2026-08-01,2026-09-23,open,2026-09-28,0.77,5
fa7a3aff-4a2a-4b8e-b0c0-c417170e9106,abc-precision-001,2a997bda-faf4-4be4-b8c9-563c72e6d34e,Mane-Sankar,86000.0,2026-07-19,2026-08-19,open,2026-08-25,0.69,6
c4b54944-1a94-47ea-a589-9a5dd4e0ac51,abc-precision-001,b2aff970-68ba-4c93-9100-0f178cb93135,"Bajwa, Pillai and Seshadri",474000.0,2026-07-31,2026-09-18,open,2026-09-21,0.89,3
313bd928-9b01-47d6-9243-17eee4f87f88,abc-precision-001,fc9c03a7-3a00-492c-8324-bd31944799de,"Tripathi, Chand and Kamdar",329000.0,2026-07-08,2026-08-25,open,2026-09-01,0.71,7
1c378728-df9c-4143-bde6-f264b30730b2,abc-precision-001,8367f0ee-e9a4-4ca3-9f3a-d37d5d13259b,Patla and Sons,351000.0,2026-05-16,2026-07-03,paid,2026-07-07,0.75,4
c8f61e09-fcb1-4562-acef-03e906789ee0,abc-precision-001,c6b496e4-2897-4264-b1bc-416bb30842d8,"Korpal, Pall and Kanda",352000.0,2026-07-09,2026-08-16,open,2026-08-16,0.95,0
7dc1e020-7c2f-4974-863f-ef89344a8862,abc-precision-001,125f8378-b5ad-45a8-9b71-6f94ae2fbb90,Khanna Inc,330000.0,2026-06-11,2026-07-21,paid,2026-07-24,0.99,3
ca226c19-bdcb-4d16-b994-fef8e04b8541,abc-precision-001,fc9c03a7-3a00-492c-8324-bd31944799de,"Tripathi, Chand and Kamdar",278000.0,2026-07-27,2026-08-28,open,2026-08-31,0.72,3
66198232-5eaf-4ac6-be16-3e38aab06363,abc-precision-001,f1ddd2b9-7153-4509-a69a-7a2112a1a561,Sankaran-Nanda,247000.0,2026-06-25,2026-08-22,open,2026-08-23,0.99,1
0b49d1f0-4b00-4466-8e3b-ac90654a2150,abc-precision-001,e84a3021-02b8-49be-ab15-fce0f8d88c3b,"Sunder, Sani and Sarraf",494000.0,2026-05-10,2026-06-18,paid,2026-06-24,0.75,6
c31b091a-5cc7-4424-8824-3cbfa903c9fd,abc-precision-001,97106f22-2f6c-4d33-a579-b795895e0373,Hans Group,97000.0,2026-06-02,2026-07-02,paid,2026-07-06,0.66,4
cff9a78a-8212-4dbc-9d71-979dea204d50,abc-precision-001,f1ddd2b9-7153-4509-a69a-7a2112a1a561,Sankaran-Nanda,384000.0,2026-07-06,2026-08-08,paid,2026-08-08,0.89,0
cd3e6489-f63e-48e6-bb83-3225baf2f6d0,abc-precision-001,6c4adcf6-ce0b-43d8-ad4c-da5101bbc8b5,"Dhar, Ben and Chokshi",335000.0,2026-07-05,2026-08-13,open,2026-08-13,0.99,0
ee6a454f-73dd-417a-a37c-d3043855fe2d,abc-precision-001,be5d953f-f2c5-47a0-899a-84ce925817e2,Dhawan LLC,459000.0,2026-06-05,2026-07-20,paid,2026-07-20,0.98,0
341025df-fc5f-4c34-895a-a3a5e00f7dcd,abc-precision-001,9c673347-0b6b-482d-a761-a94bd059a583,"Sankaran, Vig and Thakur",397000.0,2026-07-28,2026-09-16,open,2026-09-16,0.99,0
1e360be6-53a9-4768-83d5-1f7a98cbe762,abc-precision-001,b3340f4f-4539-4d6c-afb3-f1182a32033e,Choudhry Ltd,298000.0,2026-07-06,2026-08-10,open,2026-08-15,0.64,5
7af21154-8461-481f-bf5c-881d62811563,abc-precision-001,e60fceed-7383-4b74-ba7b-b1cbac77cf78,"Arora, Borde and Buch",117000.0,2026-05-29,2026-06-28,paid,2026-07-07,0.66,9
b18b6887-57c7-4adc-8c26-14091715f373,abc-precision-001,1b3becca-a5e5-4ab7-bc41-998c8d479e3b,Oza PLC,117000.0,2026-04-24,2026-06-04,paid,2026-06-06,0.86,2
c4df7bda-f4d5-4382-9ad6-4030080210d4,abc-precision-001,f1ddd2b9-7153-4509-a69a-7a2112a1a561,Sankaran-Nanda,68000.0,2026-08-03,2026-09-11,open,2026-09-11,0.88,0
06829886-d51a-4c9e-8c97-8dbdd3bb123c,abc-precision-001,61c3ec16-7358-40f5-b8c2-72dbb6a08419,Lala-Som,96000.0,2026-07-13,2026-09-02,open,2026-09-05,0.99,3
181fcc5a-83c4-4a91-9c13-9c05a06f6caf,abc-precision-001,564787a8-dd6b-4bda-8bb5-d88dda6df670,Mahal PLC,467000.0,2026-05-29,2026-07-26,open,2026-08-15,0.44,20
c6010616-2b76-49aa-9c1e-47151c8771e9,abc-precision-001,83805f63-6352-4f11-bfd2-ee9a2508f3db,Kapadia LLC,415000.0,2026-04-20,2026-05-25,paid,2026-05-25,0.82,0
0b0f35dd-5541-4922-8562-482e829a441d,abc-precision-001,8367f0ee-e9a4-4ca3-9f3a-d37d5d13259b,Patla and Sons,411000.0,2026-08-05,2026-09-09,open,2026-09-14,0.61,5
eb2ca90b-4b26-4038-898f-3d96aa7030f5,abc-precision-001,19be8ec9-08cb-4d0e-9120-6bdb022d64f2,Bhargava PLC,404000.0,2026-04-27,2026-06-03,paid,2026-06-11,0.49,8
94a39d38-963a-4d32-8a28-7fe3f9c1fbbf,abc-precision-001,fb29beb3-75bb-48cb-9574-8cd6569a7104,Natarajan PLC,463000.0,2026-06-21,2026-08-17,open,2026-08-19,0.99,2
474897c5-b402-44be-9358-6261bf13e37f,abc-precision-001,61c3ec16-7358-40f5-b8c2-72dbb6a08419,Lala-Som,152000.0,2026-06-30,2026-08-25,open,2026-08-27,0.9,2
dd857e81-33de-47a3-91f2-d3f54e629e8d,abc-precision-001,6cf121b0-a583-44ee-a3a5-493fc77a1d8c,"Bora, Kala and Gaba",398000.0,2026-05-16,2026-06-21,paid,2026-06-22,0.99,1
316e3731-f361-4e30-bf9d-1a44e1da014b,abc-precision-001,61c3ec16-7358-40f5-b8c2-72dbb6a08419,Lala-Som,492000.0,2026-05-18,2026-07-03,paid,2026-07-05,0.98,2
92a7122e-3345-4486-9603-2d4f8603d1ae,abc-precision-001,e84a3021-02b8-49be-ab15-fce0f8d88c3b,"Sunder, Sani and Sarraf",311000.0,2026-06-27,2026-08-26,open,2026-09-04,0.82,9
a6c9b4be-21b6-4b28-9ae9-4e4dd18a3107,abc-precision-001,be5d953f-f2c5-47a0-899a-84ce925817e2,Dhawan LLC,206000.0,2026-08-04,2026-09-06,open,2026-09-07,0.91,1
b5f2d3b9-2af1-4038-8289-e0cd6159cdd5,abc-precision-001,c6b496e4-2897-4264-b1bc-416bb30842d8,"Korpal, Pall and Kanda",136000.0,2026-06-14,2026-08-02,paid,2026-08-03,0.85,1
79ad9d7b-ff57-467d-8f3a-b6d777e143e0,abc-precision-001,1b3becca-a5e5-4ab7-bc41-998c8d479e3b,Oza PLC,467000.0,2026-05-10,2026-06-22,paid,2026-06-23,0.98,1
5fc701c1-443e-4b62-abb3-ac6e89a6f11f,abc-precision-001,e84a3021-02b8-49be-ab15-fce0f8d88c3b,"Sunder, Sani and Sarraf",244000.0,2026-05-13,2026-07-05,paid,2026-07-13,0.83,8
16378ea1-d7d4-4b89-b482-e69a9496330b,abc-precision-001,1585d5cc-fa2e-4529-94e3-7bf0ea757bc4,Padmanabhan Inc,432000.0,2026-06-27,2026-08-15,open,2026-08-19,0.76,4
d4568f3a-f177-47de-81ff-c08789d6f1a7,abc-precision-001,bfcf77cf-15c9-48fa-9672-d5981124202b,Bhandari-Peri,364000.0,2026-04-15,2026-05-24,paid,2026-05-30,0.53,6
11058285-962b-42c9-afd7-ec63cf7f788b,abc-precision-001,6aad3755-11c5-4084-9991-1dff45db49ba,"Din, Pal and Bhagat",473000.0,2026-07-23,2026-08-28,open,2026-09-02,0.73,5
b8adfe93-327e-4fc4-a6a6-0e18299f2e4d,abc-precision-001,14997a15-1980-45c3-8bac-da78db9baff3,Bhakta Group,425000.0,2026-05-05,2026-07-02,paid,2026-07-17,0.51,15
aaec4989-323f-43e0-9ab1-6b5738750bfd,abc-precision-001,125f8378-b5ad-45a8-9b71-6f94ae2fbb90,Khanna Inc,311000.0,2026-07-03,2026-08-08,paid,2026-08-10,0.96,2
31fc3da2-44c2-4765-910f-805aac8992e0,abc-precision-001,97106f22-2f6c-4d33-a579-b795895e0373,Hans Group,407000.0,2026-06-28,2026-08-11,open,2026-08-14,0.75,3
c559c99c-bb1c-4eeb-aee5-1fde0e896bf2,abc-precision-001,19be8ec9-08cb-4d0e-9120-6bdb022d64f2,Bhargava PLC,282000.0,2026-07-18,2026-09-07,open,2026-09-21,0.52,14
9b001fd7-187f-40ff-919a-dbb879c08fc3,abc-precision-001,b3340f4f-4539-4d6c-afb3-f1182a32033e,Choudhry Ltd,190000.0,2026-05-21,2026-06-30,paid,2026-07-09,0.74,9
a72bf7f4-61a2-49d4-914e-1e3e280f948d,abc-precision-001,9a1a27ae-a182-458d-862a-fb98aacd9765,Bala and Sons,493000.0,2026-07-21,2026-08-20,open,2026-08-23,0.98,3
211c1a37-7843-4b0a-8b45-adf528ed2a08,abc-precision-001,93bb28d7-c8b5-49d3-982b-52df2da1089d,Bakshi Group,137000.0,2026-04-22,2026-06-15,paid,2026-06-22,0.66,7
de5706f8-a744-4c42-a004-c613251a129e,abc-precision-001,1c05bb97-e8e6-4f62-90c3-b8eabf1c2f0c,Dhawan-Chaudhuri,116000.0,2026-06-20,2026-08-04,open,2026-08-18,0.47,14
48ae8828-af23-4aca-a0dc-dfa84a86f672,abc-precision-001,1c05bb97-e8e6-4f62-90c3-b8eabf1c2f0c,Dhawan-Chaudhuri,241000.0,2026-08-08,2026-10-05,open,2026-10-17,0.53,12
f2fa880d-c05c-4bd5-a55f-41b10c7bbdf0,abc-precision-001,b2aff970-68ba-4c93-9100-0f178cb93135,"Bajwa, Pillai and Seshadri",259000.0,2026-04-28,2026-06-27,paid,2026-06-27,0.83,0
928d5310-bbf3-4e69-8433-5d61067d21fc,abc-precision-001,6aad3755-11c5-4084-9991-1dff45db49ba,"Din, Pal and Bhagat",350000.0,2026-07-08,2026-09-05,open,2026-09-12,0.65,7
15701e61-a8ec-4bcb-8f08-dac87e85e127,abc-precision-001,6aad3755-11c5-4084-9991-1dff45db49ba,"Din, Pal and Bhagat",451000.0,2026-05-24,2026-07-03,paid,2026-07-06,0.62,3
02604c18-2db6-44ea-ab21-6484beff77a7,abc-precision-001,93bb28d7-c8b5-49d3-982b-52df2da1089d,Bakshi Group,251000.0,2026-04-26,2026-06-18,paid,2026-06-25,0.61,7
c5a64e38-eb30-45b1-9853-77e84513689b,abc-precision-001,a8ecae82-19b2-4b7f-9696-c2a686a7aed3,Tailor-Sagar,167000.0,2026-05-05,2026-07-01,paid,2026-07-01,0.97,0
dffe2aca-3793-475d-aea4-88ef84ddad81,abc-precision-001,83805f63-6352-4f11-bfd2-ee9a2508f3db,Kapadia LLC,158000.0,2026-04-23,2026-06-12,paid,2026-06-13,0.92,1
557f3c71-783b-4b26-b9ac-806a3a8926cb,abc-precision-001,02bf0564-3e29-4c02-8a01-d3832c8cc5a2,"Srivastava, Karan and Nanda",172000.0,2026-07-30,2026-09-20,open,2026-09-28,0.8,8
d376fc1c-8fd7-4882-8e4f-bb1fc6fbe49d,abc-precision-001,c6b496e4-2897-4264-b1bc-416bb30842d8,"Korpal, Pall and Kanda",119000.0,2026-04-16,2026-06-02,paid,2026-06-03,0.95,1
7d8479ff-9fdb-44c6-9daa-53f54a4b3806,abc-precision-001,66e040f4-7218-4ae3-a07e-5c612b6aa443,"Dugar, Tripathi and Dada",294000.0,2026-07-31,2026-09-12,open,2026-09-13,0.94,1
581955ef-c581-447f-bf52-711c68fe491b,abc-precision-001,8367f0ee-e9a4-4ca3-9f3a-d37d5d13259b,Patla and Sons,476000.0,2026-08-01,2026-09-06,open,2026-09-12,0.65,6
eb4bbac3-e884-45f4-ab46-2bdbab76d911,abc-precision-001,6cf121b0-a583-44ee-a3a5-493fc77a1d8c,"Bora, Kala and Gaba",221000.0,2026-04-21,2026-06-18,paid,2026-06-18,0.85,0
6ee04fac-e0b1-47a7-91ad-d5d4b55c128d,abc-precision-001,175f29a7-7e0e-4cf6-9e4a-2f69fc34457e,"Bawa, Goel and Goda",239000.0,2026-06-24,2026-08-02,paid,2026-08-03,0.78,1
bdf44aed-4fb3-4da7-9b88-0e01bc17b1d2,abc-precision-001,19be8ec9-08cb-4d0e-9120-6bdb022d64f2,Bhargava PLC,454000.0,2026-05-06,2026-06-22,paid,2026-06-26,0.38,4
19d24a19-9e9d-431d-949a-681c8f3ed0ae,abc-precision-001,40376774-87cf-42f0-84b7-dc85aadea128,"Mody, Goda and Sekhon",356000.0,2026-07-11,2026-08-18,open,2026-08-22,0.76,4
9738be60-e84e-45b8-9ba8-e2a074178153,abc-precision-001,581ea63d-334a-4562-b6d3-483355e175f8,"Zachariah, Sahni and Kadakia",464000.0,2026-05-08,2026-06-12,paid,2026-06-17,0.65,5
c395d4ed-7c3e-4ff1-8b64-be452cf78287,abc-precision-001,93bb28d7-c8b5-49d3-982b-52df2da1089d,Bakshi Group,88000.0,2026-06-01,2026-07-01,paid,2026-07-08,0.66,7
83ebfeae-6188-4e0e-9211-186efd7ca02e,abc-precision-001,e60fceed-7383-4b74-ba7b-b1cbac77cf78,"Arora, Borde and Buch",73000.0,2026-07-22,2026-09-17,open,2026-09-21,0.71,4
1fc7a37a-b276-44b5-b699-314567259bf2,abc-precision-001,66915358-3f5e-43aa-bbda-827c0ab288c4,"Kaur, Thaker and Narang",175000.0,2026-06-28,2026-08-03,paid,2026-08-03,0.8,0
b9790501-2e56-451b-aa13-3479ebd5795b,abc-precision-001,8367f0ee-e9a4-4ca3-9f3a-d37d5d13259b,Patla and Sons,59000.0,2026-07-07,2026-09-01,open,2026-09-07,0.78,6
b2a5a6d1-3b9c-438c-afc3-be3936ea6f37,abc-precision-001,e84a3021-02b8-49be-ab15-fce0f8d88c3b,"Sunder, Sani and Sarraf",343000.0,2026-08-02,2026-10-01,open,2026-10-04,0.71,3
431c197c-9e2b-4600-ad61-a86f69eeec9a,abc-precision-001,a5bb3d74-ed6d-4acd-a490-9988435833c7,Ramakrishnan and Sons,428000.0,2026-08-05,2026-10-04,open,2026-10-20,0.53,16
3e65df1e-9bc5-4aaf-98c5-125c2224ba89,abc-precision-001,93bb28d7-c8b5-49d3-982b-52df2da1089d,Bakshi Group,148000.0,2026-07-20,2026-08-26,open,2026-09-02,0.68,7
a86ee6e6-02dd-48c5-b7c1-c0b4225eb65b,abc-precision-001,1c05bb97-e8e6-4f62-90c3-b8eabf1c2f0c,Dhawan-Chaudhuri,323000.0,2026-07-07,2026-08-30,open,2026-09-16,0.48,17
6fe3db69-4c9a-4a4f-ab1d-6eb94d1c70fc,abc-precision-001,19be8ec9-08cb-4d0e-9120-6bdb022d64f2,Bhargava PLC,310000.0,2026-05-09,2026-06-11,paid,2026-06-23,0.48,12
d4fdc3cf-2b02-43d3-8d7a-c359cf350ba9,abc-precision-001,125f8378-b5ad-45a8-9b71-6f94ae2fbb90,Khanna Inc,219000.0,2026-05-27,2026-07-17,paid,2026-07-18,0.87,1
dd02a2ec-29aa-41b5-a7c7-fc58be4ca7fb,abc-precision-001,6053dd0e-5cf3-44ac-bbd5-5279a2f4cf22,Khanna-Majumdar,364000.0,2026-07-14,2026-08-15,open,2026-08-20,0.52,5
0ec4db8b-0cc5-4882-b9a7-0e6136398913,abc-precision-001,125f8378-b5ad-45a8-9b71-6f94ae2fbb90,Khanna Inc,104000.0,2026-04-22,2026-06-12,paid,2026-06-12,0.93,0
94ddeb05-6be3-4150-8962-a9962851eb77,abc-precision-001,fc9c03a7-3a00-492c-8324-bd31944799de,"Tripathi, Chand and Kamdar",278000.0,2026-04-30,2026-05-31,paid,2026-06-04,0.76,4
09144e44-4761-4dd9-bfc7-7935d6e8c12d,abc-precision-001,42018d84-9638-40c7-9df0-ee549131ecea,"Nagi, Dugar and Chaudhary",271000.0,2026-08-07,2026-10-03,open,2026-10-04,0.93,1
0557cfd4-e733-4f23-9e8b-3301c1b0a4fa,abc-precision-001,e60fceed-7383-4b74-ba7b-b1cbac77cf78,"Arora, Borde and Buch",129000.0,2026-06-23,2026-08-12,open,2026-08-19,0.77,7
4085523a-eaf3-4d3a-a924-9e949e99d479,abc-precision-001,2a997bda-faf4-4be4-b8c9-563c72e6d34e,Mane-Sankar,464000.0,2026-05-17,2026-06-24,paid,2026-06-28,0.76,4
